ingredient,count
['capric triglyceride',41
'cetyl alcohol',99
'propanediol',144
'stearyl alcohol',31
'glycerin',575
'sodium hyaluronate',309
'arganine',88
'aspartic acid',15
'glycine',19
'alanine',20
'serine',30
'valine',13
'isoleucine',11
'proline',21
'threonine',13
'histidine',11
'phenylalanine',10
'glucose',25
'maltose',4
'fructose',7
'trehalose',58
'sodium pca',68
'pca',13
'sodium lactate',47
'urea',49
'allantoin',115
'linoleic acid',27
'oleic acid',6
'phytosteryl canola glycerides',5
'palmitic acid',32
'stearic acid',70
'lecithin',103
'triolein',5
'tocopherol',333
'carbomer',175
'isoceteth-20',7
'polysorbate 60',38
'sodium chloride',180
'citric acid',365
'trisodium ethylenediamine disuccinate',24
'pentylene glycol',124
'triethanolamine',69
'sodium hydroxide',276
'phenoxyethanol',547
'chlorphenesin'],16
['homosalate',7
'octocrylene',19
'ethylhexyl',2
'salicylate',1
'niacinamide',65
'silica',86
'butyl methoxydibenzoylmethane',49
'dimethicon',199
'cetearyl alcohol',141
'peg-100 stearate',83
'glyceryl stearate',139
'behentrimonium methosulfate',12
'caprylyl glycol',243
'ammonium polyacryloyldmethyl taurate',33
'xanthan gum',263
'disodium edta',342
'sodium lauroyl',52
'myristic acid',11
'ceramide np',20
'ceramide ap',11
'phytosphingosine',31
'cholesterol',46
'cerbomer',1
'ethylhexyl glycerin',252
'ceramide eop'],7
['sodium hyaluronate',3
'panthenol',132
'ahnfeltia concinna extract',5
'polyacrylate crosspolymer-6',15
'ppg-26 buteth-26',27
'castor oil',185
'ethoxydiglycol',18
'hexylene glycol',68
['ammonium lactate',2
'c12-15',39
'prunus amygdalus dulcis',77
'ethylhexyl palmitate',32
'hydroxyethyl cellulose',48
'cetearyl glucoside',40
'sodium benzoate',235
'sodium stearoyl glutamate',24
'tocopheryl acetate',216
'parfum',438
'potassium sorbate',199
'hydrolyzed lactis proteinum',5
'lactic acid',89
'sorbitol',70
'linalool',339
'citronellol',193
'citrus aurantium dulcis',100
'limonene',355
'coumarin',56
'juniperus mexicana oil',5
'alpha-isomethyl ionone',44
'pelargonium graveolens extract',72
'geraniol'],21
['glycerin',206
'capric triglyceride',193
'ceramide 3',14
'ceramide 6 ii',10
'ceramide 1',10
'petrolatum',15
'potassium phosphate',17
'dipotassium phosphate',10
'methylparaben',59
'propylparaben',38
'xanthan gum'],14
'polysorbate-20',134
'ceteareth 20',32
'polyglyceryl-3 diisostearate',11
'sodium lauroyl'],2
'paraffinum liquidum',13
'glyceryl stearate se',20
'ammonium lactate',1
'salicylic acid',78
'vitamin d3',2
'edetate disodium',2
['dimethicon',24
'butylene glycol',281
'trisiloxane',6
'sucrose',53
'ammonium acryloyldimethyltaurate/vp',39
'hydroxyethyl urea',9
'camellia sinensis extract',92
'silybum marianum extract',8
'betula alba bark extract',12
'saccharomyces lysate extract',16
'aloe barbadenis extract',161
'thermus thermophillus ferment',14
'caffeinee',96
'palmitoyl hexapeptide-12',10
'oleth-10',8
'sodium polyaspartate',7
'saccharide isomerate',22
'hydrogenated lecithin',43
'acrylates/c10-30 alkyl',93
'glyceryl polymethacrylate',18
'tromethamine',28
'peg-8',31
'magnesium ascorbyl phosphate',23
'bht',60
'ci 14700',37
'ci 19140'],31
['colloidal oatmeal',2
'butyrospermum parkii',136
'squalene',83
'chrysanthemum parthenium (feverfew) extract',14
'glycyrrhiza glabra root extract',30
'eucalyptus globulus',40
'ceramide 3'],3
['ethylhexyl methoxycinnamate',6
'carthamus tinctorius extract',24
'cyclomethicone',8
'bisethylhexyloxyphenol methoxyphenyl triazine',1
'arachidyl alcohol',8
'arachidyl glucoside',7
'behenyl alcohol',29
'ci 42090',29
'dextran sulfate',3
'hesperidin methyl chalcone',8
'hydroxyethyl acrylate/sodium acryloyldimethyl taurate',33
'isohexadecane',44
'magnesium silicate',4
'ci 77019',64
'ruscus aculeatus root extract',4
'sorbic acid',33
'sorbitan isostearate',21
'titanium dioxide',91
['paraffinum liquidum',16
'sesamium indicum seed oil',31
'lanolin alcohol',3
'hordeum vulgare extract',30
'cucumis sativus extract',56
'helianthus annuus seed oil',160
'propylene glycol dicoco-caprylate',15
'trisodium edta',21
'ci 15985',21
'ci 19140',47
'ci 17200'],11
['helianthus annuus seed oil',14
'lanolin',10
'cera alba',51
'alcohol',55
'polyglyceryl-3 polyricinoleate',3
'viola tricolor extract',13
'hydrolyzed cera alba',2
'sobitan olivate',2
'rosmarinus officinalis extract',84
'chamomilla recutita flower oil',86
'calendula officinalis extract',41
'zinc sulfate',4
'geraniol',202
'citral',128
'coumarin'],7
'homosalate',12
'caprylyl methicone',9
'ethylhexyl salicylate',42
'phenylbenzimidazole sulfonic acid',3
'sodium acryloyldimethyltaurate/vp crosspolymer',2
'dicaprylyl carbonate',15
'steareth-21',8
'sodium polyacrylate',53
'sodium ascorbyl phosphate',17
'benzyl alcohol',140
'chlorphenesin',85
'ci 16035',11
'ci 42090'],24
['olea europaea fruit oil',9
'mel',40
'bee pollen',2
'royal jelly',5
'propolis extract'],2
['aloe barbadenis extract',37
'potassium carbomer',1
'menthol',17
'chlorophyllin-copper complex',4
'parfum'],139
'cetyl palmitate',12
'steareth-10',2
'polyacrylamide c13-14 isoparaffin',2
'laureth-7',30
'propylene glycol',138
'hydrolyzed soy protein',8
'1,105
2-hexanediol',102
'tropolone',6
['squalene',11
'cyclohexasiloxane',23
'peg-20 stearate',6
'bisabolol',47
'tea-carbomer',1
'hydroxypalmitoyl sphinganine',4
'tetrasodium edta',38
'myristyl alcohol',5
't-butyl alcohol',11
['ethylhexyl palmitate',10
'sorbitan stearate',30
'pentaerythrityl distearate',7
'benzoic acid',65
'dehydroacetic acid',87
'mannan',3
'hydrolyzed algin',9
'citrus aurantium bergamia',43
'citrus limon juice extract',87
'artemisia vulgaris oil',5
'maris aqua',20
'polyaminopropyl biguanide',11
'pogostemon cablin flower extract',33
'chlorella vulgaris extract',23
'citrus aurantifolia oil',23
'evernia furfuracea (treemoss) extract',4
'juniperus virginiana wood oil',7
'vetiveria zizanoides root oil',14
'linalool'],71
'isododecane',18
'bis-peg-18 methyl ether dimethyl',18
'laminaria saccharina extract',15
'polygonum cuspidatum root extract',11
'polysilicone-11',34
'lactobacillus',36
'laureth-23',5
'laureth-4',15
'ci 15985'],5
['octocrylene',1
'alcohol denat',85
'isopropyl lauroyl sarcosinate',4
'sarcosinate',1
'styrene/acrylates'],3
['c12-15',4
'methylene bis-benzotriazolyl tetramethylbutylphenol [nano]',1
'bis-ethylhexyloxyphenol methoxyphenyl triazine',6
'diethylhexyl butamido triazone',1
'aluminum starch octenylsuccinate',12
'diisopropyl adipate',5
'decyl glucoside',40
'potassium cetyl phosphate',13
'vp/eicosene copolymer',1
'acrylates/ammonium methacrylate copolymer',1
'alumina',14
'glyceryl behenate',6
'glyceryl dibehenate',5
'ci 77492',23
'ci 77491',35
'ci 77499',20
'isopropyl myristate',17
'oxothiazolidine',1
'tocopheryl glucoside',4
'tribehenin',11
'triethyl citrate',5
'sodium acrylates/c10-30 alkyl'],2
['ethylhexyl salicylate',3
'butyloctyl salicylate',4
'polyester-8',4
'cetyl ricinoleate',3
'steareth-2',5
'di-c12-15 alkyl fumarate',5
'psidium guajava (guava) fruit extract',5
'gentiana lutea (gentian) root extract',9
'laminaria ochroleuca extract',11
'triticum vulgare bran extract',58
'artemia extract',8
'fumaria officinalis flower/leaf/stem extract',4
'hydrolyzed opuntia ficus indica flower extract',19
'vitis vinifera extract',80
'lauryl peg-9',8
'acrylic acid/vp crosspolymer',2
'triacontanyl pvp',2
'dipropylene glycol',53
'acrylamide/sodium',21
'tetrahexyldecyl ascorbate',24
'ergothioneine',11
'ppg-15 stearyl ether',8
'glycyrrhetinic acid',13
'polyquaternium-51',16
'polysorbate 80',40
'fumaric acid',4
'palmitoyl hydroxypropyltrimonium amylopectin/glycerin crosspolymer',4
'cyclodextrin',10
'nordihydroguaiaretic acid',5
'ascorbyl tocopheryl maleate',4
'ethylbisiminomethylguaiacol manganese chloride',7
'pentaerythrityl tetra-di-t-butyl hydroxyhydrocinnamate',24
'sodium dehydroacetate',27
'ci 77289'],3
['propanediol',18
'cyclopentasiloxane',46
'tremella fuciformis extract',8
'cellulose',13
'pseudoalteromonas extract',5
'glycine soja extract',71
'dimethicon/vinyl dimethicon crosspolymer',11
'betaine',55
'acrylates/c12-22 alkyl methacrylate copolymer',2
'ethyl menthane carboxamide',3
'hydroxypropylcellulose',2
'menthyl lactate',5
'methyl diisopropyl propionamide',3
'sodium phosphate',5
'chlorphenesin phenoxyethanol',1
'polymethylsilsesquioxane',19
'glyceryl acrylate/acrylic acid copolymer',27
'dimethiconol',25
'carnosine',5
'acetyl dipeptide-1 cetyl',6
'toluene sulfonic acid',3
'tocopherol'],27
['cocos nucifera fruit extract',13
'maltodextrin',41
'sodium acrylate/sodium acryloyldimethyl taurate copolymer',11
'cocos nucifera fruit extract',76
'alteromonas extract',7
'pyrus malus flower extract',27
'prunus armeniaca fruit extract',30
'vanilla planifolia extract',19
'maris sal',15
'lycium barbarum extract',8
'dipteryx odorata bean extract',8
'coffea arabica seed extract',21
'hydrogenated polydecene',18
'dimethicon cross-polymer',1
'cetyl dimethicon',10
'laureth-8'],1
'isononyl isononanoate',16
'ethylhexyl methoxycinnamate',12
'polyacrylate-13',9
'hydroxyacetophenone',31
'coco-caprylate',24
'polyisobutene',10
'daucus carota sativa extract',31
'glyceryl polyacrylate',10
'benzyl benzoate',68
'padina pavonica extract',11
'ginkgo biloba extract',7
'porphyridium cruentum extract',5
'hydroxycitronellal',39
'citrus aurantium amara flower water'],1
'isocetyl stearoyl stearate',3
'triethylhexanoin',8
'methyl gluceth-20',19
'polyglyceryl-10 myristate',12
'c12-20',16
'c14-22',9
'cucurbita pepo seed oil',12
'phytosteryl',9
'potassium hydroxide',33
'sodium citrate',70
'sodium dextran sulfate',5
'tocopheryl glucoside'],2
['propylene glycol',17
'octyldodecanol',29
'zinc pca',17
'sarcosine',2
'silica silylate',3
'perlite',9
'capryloyl salicylic acid',10
'acrylates copolymer',30
['butylene glycol',48
'sodium acrylates copolymer',14
'sodium caproyl prolinate',3
'madecassoside',4
'trisodium ethylenediamine disuccinate'],2
'myristyl myristate',10
'myristyl malate phosphonic acid',1
'zinc oxide',7
'neopentyl glycol diheptanoate',6
'polyethylene',27
'citrus grandis',54
'mentha viridis extract',11
'garcinia mangostana fruit extract',4
'panax ginseng root extract',14
'citrus aurantium amara flower water',58
'castanea sativa seed extract',4
'luminaria',1
'saccharina extract',1
'adenosine phosphate',2
'pantethine',10
'creatine',2
'folic acid',6
'tourmaline',3
'cordyceps sinensis extract',2
'acetyl carnitine',2
'rhodochrosite',1
'pvp/hexadecane copolymer',1
'faex extract',31
'isostearic acid',8
'polymethyl methacrylate',10
'silylate',1
'polyhydroxystearic acid',8
'nylon 12',16
'hexylene',1
'glycol',2
'titanium dioxide'],23
'imperata cylindrica root extract',4
'enantia chlorantha bark extract',2
'marrubium vulgare extract',1
'ammonium acryloyldimethyltaurate/beheneth-25 methacrylate crosspolymer',3
'dimethylmethoxy chromanol',2
'oleanolic acid',2
'clareolide',1
'hexyl cinnamal',68
'methoxycinnamate',1
'oligopeptide-68',2
'sodium oleate',3
'butlyphenyl',1
'methylpropional'],1
'simmondsia chinensis leaf extract',131
'algae extract',35
'ophiopogon japonicus root extract',2
'phospholipid',31
'phenoxyethanol'],66
['petrolatum (568%)',1
'olus oil',11
'zea mays oil',9
'iron oxide'],2
'octyldodecyl stearate',2
'dipalmitoyl hydroxyproline',3
'dimethicon crosspolymer',10
'morus alba bark extract',5
'scutellaria galericulata extract',1
'saxifraga sarmentosa extract',3
'zingiber cassumunar root oil',1
'nylon-6',1
'ethylhexyl isononanoate',4
'benzyl salicylate',85
'butylphenyl methylpropional',49
['cyclopentasiloxane',20
'isocetyl stearate',1
'methyl methacrylate crosspolymer',7
'cocamide mea',12
'ascorbyl glucoside',26
'coconut alkanes',5
'glyceryl stearate citrate',12
'argania spinosa extract',42
'olea europaea fruit oil',67
'persea gratissima oil',57
'rosa canina flower oil',60
'plukenetia volubilis oil',13
'sorbitan oleate',18
'glyceryl caprylate',39
'beta-glucan',9
'sodium hydroxide'],20
['glyceryl stearate se',3
'acacia decurrens wax',10
'rosa damascena',84
'polyacrylamide',16
'butylparaben',11
'ethylparaben',18
'isobutylparaben',5
'hydroxyisohexyl 3-cyclohexene',15
'citronellol'],16
'acetyl dipeptide-1 cetyl'],3
'ci 17200',16
'tapioca starch',6
'hamamelis virginiana',44
'salix alba extract',18
'juniperus communis fruit extract',11
''],18
'echinacea purpurea extract',8
'amorphophallus konjac root extract',3
'potassium sorbate'],13
['inulin',1
'isoamyl laurate',3
'cetearyl olivate',22
'sorbitan olivate',24
'avena sativa kernel extract',37
'yogurt powder',4
'isoamyl cocoate',2
'diglucosyl gallic acid',3
'heptapeptide-7',1
'sorbitan isostearate'],1
['vitis vinifera extract',7
'dicaprylyl ether',11
'hexyldecanol',6
'hexyldecyl laurate',3
'erythritol',4
'mannitol',16
'palmitoyl grapevine extract',5
'sodium carboxymethyl beta-glucan',6
'sodium phytate',37
'biosaccharide',27
'homarine hcl',1
'acetyl tetrapeptide-15'],1
'cetyl lactate',1
'cocamidopropyl pg-dimonium chloride phosphate',2
'propylene glycol isostearate',1
'sodium isostearoyl lactylate',1
'benzalkonium chloride',3
'benzyl alcohol'],15
'c12-16 alcohols',4
'curcuma longa root extract',9
'sodium levulinate',28
'sodium anisate',16
'ascorbic acid',35
'dimethicon'],1
'beta-sitosterol',3
'hydrogenated olus oil',14
'triheptanoin',5
'glycolic acid',27
'acacia senegal gum',13
'cassia angustifolia seed polysaccharide',1
'papain',12
'algin',14
'mentha piperita extract',35
'c12-13',9
'peg/ppg-18/18',1
'divinyldimethicon/dimethicon copolymer',3
'disteardimonium hectorite',8
'narcissus tazetta bulb extract',4
'magnolia officinalis bark extract',4
'sigesbeckia orientalis extract',12
'lens esculenta (lentil) fruit extract',4
'whey protein',11
'citrullus lanatus fruit extract',8
'moringa oleifera seed oil',14
'laminaria digitata extract',11
'opuntia tuna extract',4
'acetyl hexapeptide-8',21
'acetyl glucosamine',21
'propylene carbonate',15
'peg-32',9
'peg-6',7
'aminopropyl ascorbyl phosphate',7
'ci 77491'],14
'retinyl palmitate',29
'c13-14 isoparaffin',15
'methylisothiazolinone',18
'methylparaben'],2
'sodium acrylates copolymer ',1
'glycerin ',10
'water ',1
'terminalia ferdinandiana fruit extract',2
'lysolecithin ',1
'sclerotium gum ',1
'xanthan gum ',3
'pullulan',14
'phormium tenax (harakeke) flax extract',1
'hibiscus sabdariffa flower extract',13
'leptospermum scoparium leaf extract',6
'cyathea medullaris (mamaku black fern) extract',1
'zingiber officinale root extract',9
'vegetone rich red t2/lycopene red w/s',1
'eugenol',45
['hydrogenated polyisobutene',5
'oryza sativa bran',31
'hydroxyethylpiperazine ethane sulfonic acid',12
'microcrystalline wax',9
'paraffin',7
'sorbitan tristearate',6
'bifida ferment lysate',13
'chlorhexidine digluconate',12
'cedrus atlantica bark oil',15
'chlorella vulgaris extract'],2
'hydrogenated poly(c6-14 olefin)',1
'methyl trimethicone',4
'phenyl trimethicone',11
'eclipta prostrata extract',3
'malt extract',1
'beta vulgaris root extract',3
'melia azadirachta flower extract',9
'theobroma cacao extract',34
'ocimum sanctum extract',4
'amaranthus caudatus seed extract',8
'ulmus davidiana root extract',6
'cynara scolymus (artichoke) leaf extract',1
'pteris multifida extract',1
'corallina officinalis extract',5
'pyracantha fortuneana fruit extract',1
'glycerly polymethacrylate',1
'hydrolyzed corn starch',5
'fructooligosaccharides',7
'dextrin',10
'raffinose',1
'hydrolyzed sodium hyaluronate',28
'salvia officinalis',18
'ceramide as',2
'ceramide ns',2
'palmitoyl pentapeptide-4',3
['glyceryl stearate',4
'c10-13 cholesterol/lanosterol esters',1
'ppg-10 cetyl ether',1
'magnesium aluminum silicate',20
'imidazolidinyl urea',2
'isoeugenol',9
'caramel'],4
'macadamia ternifolia seed oil',31
'parfum of sandalwood',1
'ylang ylang ',1
'farnesol',39
['sodium lactate',1
'inulin',14
'sodium saccharin',4
'alpha-glucan oligosaccharide',22
'arbutin',4
'morus nigra extract',9
'glyceryl oleate',30
'ascorbyl palmitate',29
'hydroxyisohexyl 3-cyclohexene'],4
['caprylyl methicone',1
'dimethicon/ppg-20 crosspolymer',4
'leontopodium alpinum callus culture extract',4
'n-acetyl-d-glucosamine-6-phosphate disodium salt',2
'xylitol',22
'xylitylglucoside',12
'anhydroxylitol',12
'adansonia digitata seed oil',11
'polypodium vulgare rhizome extract',3
'cetraria islandica thallus extract',3
'sphagnum magellanicum extract',3
'mangifera indica extract',15
'orbignya oleifera seed oil',4
'hexamethyldisiloxane',1
'trimethylsiloxysilicate',2
'sodium gluconate',10
'phenyl ethyl alcohol',11
'acetyl hexapeptide-37',3
'pentapeptide-48'],1
'cetyl ethylhexanoate',15
'peg-150',3
'pyridoxine dipalmitate',2
'sodium hexametaphosphate',2
'red 4',2
'yellow 5'],2
'silanetriol',4
'silica dimethyl silylate',8
'phyllostachys bambusoides extract',2
'menthoxypropanediol',6
'glyceryl behenate/eicosadioate',2
'zea mays starch',7
'dipotassium glycyrrhizate',33
'potassium jojobate',2
'glucosamine hcl',7
'cetearyl methicone',1
'palmitoyl oligopeptide',13
'hydrogenated polyisobutene',24
'isostearyl palmitate',2
'aspalathus linearis leaf extract',4
'ascophyllum nodosum extract',9
'asparagopsis armata extract',6
'methyl glucose sesquistearate',4
'decarboxy carnosine hcl',3
'hdi/trimethylol hexyllactone crosspolymer',6
'ci 77289',2
'ci 77019'],5
['ethylhexyl hydroxystearate',1
'sorbitol esters',1
'polyquaternium-39',6
'crithmum maritimum extract',13
'lauryl laurate',3
'ethyl macadamiate',3
'hexapeptide-9',1
'o-cymen-5-ol',5
'tocopheryl linoleate',1
'malic acid'],1
'carrageenan',12
'citral'],19
'polyglyceryl-10 pentastearate',1
'sodium stearoyl lactylate',5
'bakuchiol',3
'phytic acid',15
['snail secretion filtrate',2
'ethyl hexanediol',4
'adenosine',34
'tricaprylin',3
'copernicia cerifera wax',12
'dimethylacrylamide/sodium acryloyldimethyltaurate crosspolymer',1
'saccharomyces cerevisiae extract',2
'lauryl betaine',3
'hypericum erectum extract',1
'palmitoyl tetrapeptide-7',25
'palmitoyl tripeptide-1',18
'ethylhexyl triazone',11
'dicaprylate',2
'distarch phosphate',1
'isobutylamido thiazolyl resorcinol',1
'glycyrrhiza inflata root extract',1
'glucosylrutin',1
'isoquercitrin',1
['isododecane',1
'polypropylene',2
'vanillin',6
'simethicone',9
'selaginella lepidophylla extract',2
'hydrolyzed quinoa',1
'saccharomyces/copper ferment',2
'saccharomyces/iron ferment',2
'saccharomyces/magnesium ferment',2
'saccharomyces/silicon ferment',2
'saccharomyces/zinc ferment',2
'leuconostoc/radish root ferment filtrate',24
'ci 77861',23
['butyrospermum parkii',4
'cetyl esters',12
'hydrogenated starch hydrolysate',14
'ribes rubrum (currant) fruit extract (ribes rubrum fruit extract)',3
'rubus idaeus extract',13
'vaccinium myrtillus extract',19
['anthemis nobilis flower water',1
'camellia oleifera seed oil',14
'cetearyl ethylhexanoate',10
'oryzanol',7
'vaccinium macrocarpon fruit extract',11
'ribes nigrum bud oil',8
'cassia alata leaf extract',2
'pueraria lobata extract',7
'sodium hydroxymethylglycinate',16
'hippophae rhamnoides extract',13
'citrus nobilis oil',24
'cinnamomum camphora bark oil',7
'anthemis nobilis flower water',45
'sucrose palmitate',5
'glyceryl linoleate',4
'zingiber officinale root oil',7
'isostearyl neopentanoate',6
'peg-40 stearate',11
'caprylhydroxamic acid',21
['prunus armeniaca fruit extract',3
'lavandula angustifolia',100
'diheptyl succinate',3
'borago officinalis seed oil',22
'humulus lupulus extract',10
'capryloyl glycerin/sebacic acid copolymer',4
'sodium chloride'],5
['peg-8',2
'chondrus crispus extract',24
'buglossoides arvensis seed oil',2
'lithothamnion calcareum extract',1
'veronica officinalis extract',2
'nyctanthes arbor-tristis (indian night jasmine) flower extract',1
'cananga odorata flower oil',31
'myristica fragrans extract',6
'gardenia florida fruit extract',1
'hydrolyzed yeast protein',8
'coriandrum sativum extract',6
'ethylhexyl glycerin'],14
'c20-22',2
'butyl avocadate',2
'zinc gluconate',19
'yeast amino acids',6
'inositol',7
'taurine',7
'coco-glucoside',58
'laureth-12',4
'dimethicon crosspolymer-3',1
'ptfe',2
'camelina sativa seed oil',10
'peg-75 stearate',3
'ceteth-20',6
'steareth-20',17
'sodium benzoate'],15
'tridecyl stearate',4
'saccharomyces ferment',6
'astrocaryum murumuru seed butter',4
'tridecyl trimellitate',11
'dipentaerythrityl hexacaprylate/hexacoco-caprylate',4
'plankton extract',4
'tamarindus indica extract',2
'centaurium erythraea (centaury) extract',2
'styrene/acrylates',14
'biotin',8
'sorbitan palmitate',3
'peg-8 laurate',7
'calcium chloride',5
'ci 14700'],15
'mentha arvensis leaf oil',9
'lavandula hybrida extract',14
'cistus ladaniferus oil',2
'cupressus sempervirens fruit extract',7
'symphytum officinale extract',6
'althaea officinalis root extract',11
'colloidal oatmeal',6
'limnanthes alba seed oil',14
'c30-45 alkyl cetearyl dimethicon crosspolymer',1
'rhamnose',7
'malachite extract',4
'brassica campestris',6
'citrus reticulata fruit extract',5
'limonium vulgare flower/leaf/stem extract',1
'lauryl alcohol',6
'gellan gum',2
'dimethyl isosorbide',14
'lactococcus ferment lysate',3
'pentapeptide-18',2
'palmitoyl tripeptide-38',4
'dipeptide diaminobutyroyl benzylamide diacetate',2
'acetylarginyltryptophyl diphenylglycine',1
'hydroxypropyl cyclodextrin',10
'pinus pinaster bark extract'],1
['simmondsia chinensis leaf extract',8
'ppg-12/smdi copolymer',2
'limonene'],46
['bifida ferment lysate',9
'peg-75',8
'cola acuminata seed extract',4
'tripeptide-32',2
'sodium rna',6
'glycereth-26',26
'oleth-3 phosphate',3
'oleth-3',3
'oleth-5',4
'choleth-24',4
'ceteth-24',4
'pseudoalteromonas exopolysaccharides',3
'sodium salicylate',4
'caprylyl glycol'],4
'tocopheryl acetate'],1
['peg/ppg/polybutylene glycol-8/5/3 glycerin',2
'biosaccharide'],2
['ascorbic acid',1
'peg-20 methyl glucose sesquistearate',8
'poloxamer 338',5
'ammonium hydroxide',2
'ascorbic acid'],3
'scutellaria baicalensis extract',18
'trametes versicolor extract',3
'dimethoxytolyl propylresorcinol',3
'di-c12-18 alkyl dimonium chloride',3
'sodium metabisulfite',15
'sodium sulfite',9
['panthenol',1
'calcium pantothenate',6
'citric acid'],27
['alcohol denat',23
'croton lechleri resin extract',3
'sorbic acid'],7
['glycereth-7',1
'peg 7 methyl ether',1
'boron nitride',6
'acrylates/ palmeth-25 acrylate copolymer',1
'benzophenone-4',12
'cyclotetrasiloxane',2
'rosa alba flower extract',2
'ci 77163',2
'ci 75470'],3
'polygonum bistorta root extract',2
'nelumbo nucifera flower extract',17
'nymphaea coerulea flower extract',2
'sodium butyroyl hyaluronate',1
'yeast extract',8
'cetyl hydroxyethyl cellulose',3
'tetradecyl aminobutyroylvalylaminobutyric urea trifluoroacetate',4
'myristoyl nonapeptide-3',1
'magnesium chloride',7
'polyglucuronic acid'],1
'retinal',1
'ethyl ascorbic acid',1
'hydroxypropyl methylcellulose',9
'rubus chamaemorus extract',8
'lonicera caprifolium (melsuckle) flower extract',12
'lonicera japonica (melsuckle) flower extract',12
'acacia seyal gum extract',2
'retinol',22
'methyl methacrylate/glycol dimethacrylate crosspolymer',1
'acetyl heptapeptide-4',1
'propyl gallate',4
'bht'],5
['isononyl isononanoate',2
'isodecyl neopentanoate',4
'camellia japonica extract',9
'linolenic acid',4
'medicago sativa extract',3
'c18-36',4
'ceamide ns',2
'ethylhexyl cocoate',3
'laurylmethacrylate/glycol dimethacrylate crosspolymer',2
'propylene glycol dicaprylate',6
'sorbitan laurate',8
'tetrahydrodiferuloylmethane',2
'dihydroxyacetone',8
'hydrolyzed soybean fiber',1
'brassica oleracea acephala leaf extract ',1
'salvia hispanica herb extract',6
'palmitoyl carnitine',1
'retinyl acetate',2
'erythrulose',5
'pvm/ma',17
'sclerotium gum',11
'triethylene glycol',1
'ci 17200 (d&c red no33)'],1
'tambourissa trichophylla leaf extract',1
['isocetyl stearate',2
'acrylates/c10-30 alkyl'],1
'disodium edta'],18
['corylus avellana flower extract',6
'sandalwood',12
'salvia sclarea',22
'carum petroselinum seed oil',3
'farnesol'],6
'lysine hcl',2
'glutamic acid',9
'escin',5
'salicyloyl phytosphingosine',10
'dimethiconvinyl dimethicon crosspolymer',1
'pentaerythrityl etraethylhexanoate',1
'bis-peg/ppg-16/16 dimethicon',3
'laureth-7'],1
'ascorbyl tetraisopalmitate',8
'vaccinium vitis-idaea seed oil',6
'glycogen',2
'rumex occidentalis extract',3
'gynostemma pentaphyllum leaf extract',2
'ananas sativas fruit extract',18
'passiflora edulis extract',4
'sodium bisulfite',3
['sodium laureth sulfate',57
'cocamidopropyl betaine',112
'trideceth-9',4
'quaternium-80',1
'agar',3
'polyquaternium-11',4
'ci 73360'],1
'peg/ppg-17/4 dimethyl ether',1
'peg-400',4
'stearamidopropyl dimethylamine',4
'beheneth-20',1
'batyl alcohol',2
'sodium metaphosphate',2
'peucedanum japonicum leaf/ stem extract',1
'eschscholtzia californica leaf cell extract',1
'citrus unshiu peel extract',2
'zingiber aromaticus extract',1
'ci 77492'],4
['citrus aurantium dulcis',4
'lactose',5
'lactis proteinum',8
'alaria esculenta extract',4
'aster maritima extract',4
'arnica montana extract',14
'sodium citrate'],3
'isononyl',1
'isononanoate',3
'isopropyl palmitate',23
'neoruscogenin',1
'palmitoyl hexapeptide-14',2
'ruscogenin',1
'benzophenone-3',4
'alcaligenes polysaccharides',2
'lilium tigrinum extract',1
'dextrin palmitate',4
'sorbeth-30 tetraisostearate',2
'dehydroxanthan gum',2
'sorbitan sesquiisostearate',1
'acrylates/beheneth-25 methacrylate copolymer',1
'ppg-8-ceteth-20',2
'palmitoyl tetrapeptide-7'],5
'illicium verum fruit extract',6
'litsea cubeba fruit extract',11
'hibiscus abelmoschus extract',2
'anogeissus leiocarpus bark extract',2
'pisum sativum extract',6
'bambusa vulgaris extract',7
'commiphora mukul resin extract',2
'micrococcus lysate',3
'saccharum officinarum extract',12
'myrtus communis leaf extract',1
'cladosiphon okamuranus extract',3
'hydrolyzed prunus domestica',1
'resveratrol',2
'propylene glycol caprylate',3
'alcohol'],1
'isoceteth-10',1
'phoenix dactylifera extract',5
'polyvinyl alcohol',9
'spilanthes acmella flower extract',5
'tryptophan',3
'phenylpropanol',5
'picea abies extract',3
'decyl oleate',4
'euterpe oleracea fruit oil',12
'spirulina platensis extract',2
'petroselinum crispum (parsley) extract',3
'brassica oleracea acephala leaf extract',6
'kunzea pomifera fruit extract',1
'syzygium luehmannii fruit extract',1
'tasmannia lanceolata fruit extract',3
'lysolecithin',2
'jasminum grandiflorum flower extract',6
'silica'],2
'dimethyl sulfone',4
'boerhavia diffusa root extract',1
'lupinus albus seed extract',1
'malus domestica fruit extract',2
'opuntia ficus-indica stem extract',5
'glyceryl linolenate',1
'inulin lauryl carbamate',2
'phenylethyl resorcinol',3
'capryloyl',1
'ferulic acid',4
'acryloyldimethyl taurate copolymer',1
['water\\aqua\\eau ',5
'dimethicon ',4
'butylene glycol ',5
'methyl trimethicone ',1
'vinyl dimethicon/methicone silsesquioxane crosspolymer ',1
'polysorbate-20 ',2
'bis-peg-18 methyl ether dimethyl ',2
'silica ',1
'polymethylsilsesquioxane ',1
'lauryl peg-9 ',1
'methyl gluceth-20 ',1
'polysilicone-11 ',2
'salvia sclarea ',1
'acetyl glucosamine ',2
'plankton extract ',1
'sea whip extract ',1
'arabidopsis thaliana extract ',1
'caffeinee ',4
'acetyl hexapeptide-8 ',3
'sodium hyaluronate ',5
'micrococcus lysate ',1
'palmitoyl oligopeptide ',1
'ergothioneine ',1
'caprylyl glycol ',3
'ethylhexyl glycerin ',2
'tocopheryl acetate ',3
'carbomer ',2
'peg-8 ',2
'citric acid ',3
'disodium edta ',3
['macadamia ternifolia seed oil',3
'citrus nobilis peel oil / mandarin citrus aurantium dulcis oil',2
'sclerocarya birrea seed oil',6
'fusanus spicatus wood oil',8
'jasminum sambac flower extract / jasmine flower extract',2
'haematococcus pluvialis extract',4
['prunus amygdalus dulcis',24
'polymnia sonchifolia root juice',7
'mannose',13
'rosa gallica extract',12
['propolis extract',1
'polyglyceryl-10 laurate',18
'melaleuca alternifolia leaf extract',20
'asiaticoside',3
'asiatic acid',2
'madecassic acid',2
'sucrose distearate',2
'rh-oligopeptide-1'],1
['disodium edta',1
'peucedanum ostruthium leaf extract',1
'hydrolyzed viola tricolor extract',2
'platinum powder',1
'acer saccharum extract',9
'nelumbium nucifera flower extract',1
'portulaca oleracea extract',6
'ethanol',2
'peg-7 capric triglyceride',2
['niacinamide',2
'lentinus edodes mycelium extract',1
'glyceryl glucoside',2
'terpineol',2
'thymol',1
'polydextrose',1
'amylopectin',1
['alcohol',9
'hectorite',3
'peg-11 methyl ether dimethicon',3
'amodimethicon',1
'kefiran',1
'linum usitatissimum flower extract',8
'salicornia herbacea extract',2
'peg-2 methyl glucose sesquistearate',1
'tranexamic acid',2
'cocoglycerides',1
'kigelia africana fruit extract',4
'jasminum officinale extract',32
'plumeria acutifolia flower extract (plumeria essential oil)',1
'polianthes tuberosa extract',2
'sodium magnesium fluorosilicate (nano) (naturally occurring mineral salts)',1
'dehydroacetic acid ',1
'benzyl benzoate'],12
'sodium lactobionate',1
'serenoa serrulata fruit extract',4
'isopentyldiol',4
'methyldihydrojasmonate',4
'ethyl 2,2
2-dimethylhydrocinnamal',2
'sodium glycyrrhetinate',1
'coleus forskohli rott extract',1
'hydrolyzed fish (pisces) collage',1
'palmaria palmata extract',6
'aglae extract',1
'boswellia serrata plant extract',7
'zea mays extract',3
'fish (pisces) collagen',1
'polysorbate-40',1
'polydimethylsiloxyethyl dimethicon',2
'sodium chondroitin sulfate',2
'polysorbate-80',1
'disodium distyrylbiphenyl disulfonate',1
'sodium beta-sitosteryl sulfate',1
'michelia alba leaf oil',2
'cymbopogon martini oil',17
'gardenia tahitensis flower extract',7
'eugenol'],14
'shea butter ethyl esters',1
'hydroxypinacolone retinoate',2
'solanum lycopersicum',8
'swertia chirata extract',3
'punica granatum seed oil',34
'trideceth-6',8
'synthetic fluorphlogopite',8
'tris (tetramethylhydroxypiperidinol) citrate',1
'sodium benzotriazolyl butylphenol sulfonate',2
'polyglyceryl-3 stearate',2
'hydrolyzed sodium hyaluronate ',1
'butylphenyl methylpropional'],4
'carya ovata bark extract',1
'adesmia boronoides flower / leaf / stem oil',1
'cyathea cumingii leaf extract',2
'cinnamic acid',2
'levulinic acid',9
'tetrasodium glutamate diacetate',30
'geranium maculatum oil',3
'leuconostoc/radish root ferment filtrate'],1
'paeonia suffruticosa extract',22
'crataegus monogina flower extract',3
'glycosaminoglycans',6
'asgarogopsis armata extract',1
'cellulose gum',8
'extci 60725 (ci 17200',1
'kaempferol',1
'succinic acid',1
'calcium ketogluconate',1
'glycosphingolipids',4
'magnolol',2
'polyglyceryl-6 oleate',1
'polyglyceryl-10 oleate',4
'3-o-ethyl ascorbic acid',4
'glycereth-7',3
'collagen amino acids',1
'superoxide dismutase',7
'carnitine hcl',2
'ubiquinone',7
'hexylresorcinol',2
'emblica officinalis fruit extract',1
'isoquercetin',1
'mandelic acid',9
'denatonium benzoate',2
'hypnea musciformis (algae) extract',7
'nymphaea alba flower extract',3
'gelidiella acerosa extract',7
'sodium palmitoyl proline',2
'ci 77499'],13
'silane',1
'pyruvic acid',4
'tartaric acid',7
'charcoal powder',18
'peg/ppg/polybutylene glycol-8/5/3 glycerin',3
'hylocereus undatus fruit extract',2
'hydroxydecyl ubiquinone',1
'ppg-2 isoceteth-20 acetate',2
'polyphosphorylcholine glycol acrylate',1
'tetrahydropyranyloxphenol',1
'caprylyl wheat bran/straw glycosides (from wheat bran)',25
'sodium acrylate/acryloyldimethyl taurate copolymer',1
'heptyl undecylenate',1
'albizia julibrissin bark extract',7
'rheum rhaponticum root extract',2
'zizyphus jujuba seed extract',1
'polyglyceryl-6 distearate',3
'levan',1
['rosa canina flower oil',4
'citrus tangerina extract',9
'bis-diglyceryl polyacyladipate-2',8
'theobroma grandiflorum fruit extract',4
'palmitoyl glycine',1
'hydrogenated olea europaea fruit oil',1
'ceramide ng',2
'peg-10 rapeseed sterol',1
'methylglucoside phosphate',1
'dunaliella salina extract',3
'copper lysinate/prolinate',1
'palmitoyl tripeptide-5',6
'acetyl tetrapeptide-2',1
'pantolactone',2
'palmitoyl hexapeptide-12'],1
'peg-60 almond glycerides',11
'acrylates/ c10-30 alkyl acrylate crosspolymer',1
'tetrasodium edta'],4
['ethanol',1
'hydrolyzed collagen',11
'peg-240/hdi copolymer bis-decyltetradeceth-20 ether',1
'hydroxypropylmethylcellulose',1
['hamamelis virginiana',5
'passiflora quadrangularis fruit extract',4
'tartaric acid'],1
'hexanoyl dipeptide-3 norleucine acetate',4
'mu-conotoxin cniiic'],1
['glycine soja extract',5
'citrus sinensis fruit extract',5
'styrax tonkinensis (benzoin) resin extract',4
['dipropylene glycol',14
'hydroxypropyl tetrahydropyrantriol',3
'2-oleamido-1',2
'3-octadecanediol',2
['shea butter ethyl esters',1
'eryngium maritimum extract',2
'piperonyl glucoside',1
'caramel',19
'vinca minor leaf extract',1
'boswellia carterii oil',12
'palmitoyl heptapeptide-27',1
'palmitoyl oligopeptide-78',1
'palmitoyl octapeptide-24',1
['cyclohexasiloxane',2
'sodium tetrahydrojasmonate',1
'secale cereale extract / rye seed extract',2
['coco-caprylate',8
'angelica archangelica root oil',1
'cymbopogon citratus oil',6
'isoeugenol'],1
'natto gum',2
'bentonite',11
'polyglyceryl-2 isostearate',1
'glycol distearate',17
'isostearate-20',1
'glycereth-25 pca isostearate',2
'butylparaben'],1
'undecylenoyl phenylalanine',1
'octadecenedioic acid',1
'arachidyl glucoside ',1
'phenoxyethanol ',4
'dimethylmethoxy chromanyl palmitate',1
'dextran',7
'nonapeptide-1'],1
['polysorbate-20',1
'narcissus poeticus flower wax',4
'phospholipid'],1
'glyceryl oleate citrate',3
'cnidium officinale root extract',1
'diamond',3
'tripeptide-1',1
'diglycerin',5
'peg/ppg-17/6 copolymer',2
'peg/ppg-14/7 dimethyl ether',2
'octyldodeceth-16',1
'gelatin',1
'disodium phosphate',18
'hydrolyzed glycosaminoglycans',3
'benzyl glycol',2
'rubus idaeus extract keton'],1
'heptyl undecylenate ',1
'propanediol ',2
'theobroma grandiflorum fruit extract ',1
'carapa guaianensis seed oil ',1
'capric triglyceride ',1
'limnanthes alba seed oil ',1
'castor oil ',2
'hydrogenated lecithin ',2
'polyglyceryl-10 pentastearate ',1
'oryza sativa bran ',1
'glycyrrhiza glabra root extract ',1
'saccharum officinarum extract ',2
'chlorella vulgaris extract ',2
'elaeis guineensis oil ',1
'helianthus annuus seed oil ',3
'salicylic acid ',1
'glyceryl stearate ',1
'sorbitol ',3
'cetyl alcohol ',1
'tocopherol ',2
'tocopheryl linoleate/oleate ',1
'linoleic acid ',1
'peg-100 stearate ',1
'lauroyl lysine ',1
'stearic acid ',1
'arganine ',1
'sodium pca ',1
'aminopropyl ascorbyl phosphate ',2
'behenyl alcohol ',1
'sodium stearoyl lactylate ',1
'parfum ',1
'linalool ',1
'citral ',1
'limonene ',1
'sodium citrate ',2
'hydrogenated phosphatidyl choline',2
'hydrogenated soybean oil',1
'stearoxymethicone/dimethicon copolymer',1
'lechtin',1
'arctostaphylos uva ursi leaf extract',1
'malva sylvestris extract',9
'primula veris extract',1
'alchemilla vulgaris extract',5
'melissa officinalis leaf oil',7
'achillea millefolium extract',4
['rosa damascena',22
'sucrose dilaurate',3
'sodium cocoyl glutamate',31
'methylsilanol mannuronate',5
'ethylhesyldodecanol',1
'methylepropanediol',1
'teprenone',2
'geranylgeranylisopropanol',1
'palmitoyl dipeptide-5 diaminobutyroyl hydroxythreonine',1
'l-glutamylamideothyl imidazole',1
'gryceryl caprylate',1
'butylene',1
'glycol methyl gluceth-20',1
'peg-40',2
'sodium carbomer',3
'butylphenyl',1
'methylpropional',1
'carboxaldehyde',2
'alpinia galanga leaf extract',1
'methylsilanol/silicate crosspolymer',2
'benzyl salicylate'],8
'panthenyl triacetate',1
'hydroxydecyl ubiquinoyl dipalmitoyl glycerate',1
'retinyl linoleate',3
'acetyl farnesylcysteine',1
'lysophosphatidic acid',1
'naringenin',1
'methylsilanol hydroxyproline aspartate',1
'palmitoyl hexapeptide-19',1
'quercus suber bark extract',1
'caprooyl tetrapeptide-3',1
'polyimide-1',1
'aminopropyl dimethicon',1
'sodium methylparaben',1
'calcium pantetheine sulfonate',2
'baicalin (baical scullcap extract)',1
'hydrolysed simmondsia chinensis leaf extract',6
'hamamelis virginiana'],2
['glycolic acid',7
'lycium chinense extract',9
'malic acid',7
'pleiogynium timorienese fruit extract',1
'podocarpus elatus fruit extract',1
'sodium carrageenan',3
'sorbeth-30 tetraoleate',5
'stearyl glycyrrhetinate',4
'rosmarinus officinalis extract'],9
['cetyl ethylhexanoate',2
'peg-20 glyceryl triisostearate',5
'polybutene',7
'peg-8 diisostearate',2
'peg-12 diisostearate',2
'glyceryl laurate',9
'crambe abyssinica seed oil',3
'ethylhexyl stearate',3
'isochrysis galbana extract',1
'oenocarpus bataua fruit oil',1
'bertholletia excelsa seed oil',1
'hydroxymethoxyphenyl decanone',3
['sclerocarya birrea seed oil'],1
'polyglyceryl-4 oleate',2
'corylus avellana flower extract',9
['dihydroxyacetone',1
'paullinia cupana (guarana) seed extract',1
['salvia hispanica herb extract'],1
'lecithin'],1
['oryza sativa bran',2
'diethylhexyl syringylidenemalonate',14
'ci 75130'],2
'papaver somniferum (poppy) seed oil',1
'raphanus sativus (radish) seed extract',1
'amyris balsamifera bark oil',5
['carthamus tinctorius extract',3
'peg-7 glyceryl cocoate ',1
'copolymer',2
['squalene'],2
'gluconolactone ',1
'dibutyl adipate',2
'diethylamino hydroxybenzoyl hexyl benzoate',4
'diethylhexyl succinate',1
'methylheptyl isostearate',1
'eichhornia crassipes extract',1
'ethyl ferulate',2
'polyglyceryl-5 trioleate',1
'fagraea berteroana flower extract',1
'disodium uridine phosphate',2
'di-ppg-2 myreth-10 adipate',3
'ethylene/propylene/styrene copolymer',3
'peg-4',2
'cannabis sativa extract',9
'butylene/ethylene/styrene copolymer',3
'tocopheryl linoleate/oleate',1
'hydroxycinnamic acid',1
'ceramide 2',2
'peg-10 phytosterol',2
'thioctic acid',1
'santalum spicata wood oil',2
'dalbergia sissoo wood oil',1
'benzyl cinnamate',4
'hydroxycitronellal'],4
['tocopheryl acetate'],1
'peg-7 glyceryl cocoate',24
'cocos nucifera fruit extract'],2
['rosa canina flower oil'],3
'fumed silica',1
'bambusa arundinacea stem extract',11
'citrus aurantium dulcis'],2
'polysorbate 85',3
'cinnamyl alcohol',10
'prunus persica extract',7
'caryodendron orinocense seed oil',1
'rosa centifolia flower water',19
'rosa hybrid flower extract'],1
'gossypium herbaceum extract',2
'bidens pilosa extract',1
['boswellia carterii oil',1
'japanese camellia plant oil',1
'elaeis guineensis oil',3
'musk rose plant oil',1
'persea gratissima oil'],1
'papaver orientale (poppy) seed oil',3
'oleic/linoleic/linolenic polyglycerides',4
'eugenia',15
'piper nigrum fruit extract',7
'origanum heracleoticum flower oil',1
'peg-10 sunflower glycerides',1
'acetyl hexapeptide-1',1
'geranylgenarylisopropanol',1
'polyglyceryl-5 dioleate',1
'polyglyceryl-6 caprylate',3
'isostearyl alcohol',4
'oenothera biennis flower extract',23
'10-hydroxydecanoic acid',4
'sebacic acid',3
10-decanediol',2
'phaeodactylum tricornotum extract',1
['cocoglycerides',3
'butl methoxydibenzoylmethane',2
'polyamide-8',2
'alpha-isomethyl ionone'],6
'tanacetum annuum flower oil',2
'alkyl benzoate',1
'stearalkonium hectorite',7
'undecane',3
'tridecane',3
'acetyl tripeptide-30',1
'citrulline',1
'aniba rosaeodora wood extract',10
['oregano',1
'citronella',2
'melissa',1
'cymbopogon schoenanthus oil',7
'clove',1
'lavender',3
'camomile'],1
'calophyllum inophyllum (tamanu) seed oil',1
'aleurites moluccanus seed oil',6
'mauritia flexuosa (buriti) nut oil',1
'styrax benzoin',6
'angustifolium flower oil',1
'babassu oil glycereth-8 esters',1
'beta-carotene',10
'ascorbyl palmitate'],3
'schinziophyton rautanenii kernel oil',2
'trihydroxystearin',6
['rubus idaeus extract',1
'almond/borage/linseed/olive acids/glycerides',2
'olive glycerides',1
['rosa canina flower oil ',1
'solanum lycopersicum ',1
'vaccinium macrocarpon fruit extract ',1
'euterpe oleracea fruit oil ',1
'oat kernel extract',1
'avena sativa kernel extract'],2
['disodium lauryl sulfosuccinate',4
'sodium lauryl sulfoacetate',10
'disodium cocoamphodiacetate',21
'ci 77480'],1
'prunus domestica flower extract',5
'prunus spinosa flower extract'],1
'nigella sativa',4
'calophyllum tacamahaca (tamanu) seed oil',2
'vaccinium angustifolium extract',4
'fragaria vesca (strawberry) seed oil',1
['olea europaea fruit oil'],1
'perilla ocymoides leaf extract',4
'glycolipids',3
'rubus idaeus extract'],1
'ricinoleth-40',1
'edta',17
['neopentyl glycol diheptanoate',1
['castor oil',6
'portulaca pilosa extract',1
'combretum farinosum flower nectar',1
'sucrose cocoate',13
'glucomannan',1
'ci 45410'],2
['sesamium indicum seed oil',5
'isopropyl jojobate',4
'ferula galbaniflua resin oil',2
'cymbopogon nardus oil',4
'lavandulastoechas extract',1
'c15-19 alkane',1
'diamond'],1
['butane',6
'diisopropyl sebacate',2
'p-anisic acid',20
'drometrizole trisiloxane',6
'poly c10-30 alkyl acrylate',4
'polyglyceryl-6 polyricinoleate',1
'propolis extract',11
'tagetes minuta flower oil',1
'elettaria cardamomum seed oil',5
'thymus vulgaris leaf extract',6
'polyglyceryl-6',1
'polyricinoleate',1
'chlophenesin',1
'cetearyl isononanoate',2
'trideceth-10',4
'ceteareth-12',3
'avena strigosa seed extract'],1
['dimethyl ether',2
'peg-30 dipolyhydroxystearate',7
'methacrylate crosspolymer',1
'dodecene',3
'poloxamer 407',2
'lauryl peg/ppg-18/18 methicone',3
'saponins',1
['disiloxane',1
'ci 77002',8
'aluminum stearate',4
'malpighia punicifolia (acerola) fruit extract',3
'pectin',2
['betula alba bark extract',2
'disodium',4
'glycerin'],3
['bis-peg-18 methyl ether dimethyl',5
'sodium starch octenylsuccinate',3
'pryidoxine hci',1
['polyglyceryl-4 coco-caprylate',1
'copaifera officinalis (balsam copaiba) resin',1
['rubus chamaemorus extract',2
'morinda citrifolia extract',3
'arganine/lysine polypeptide',2
'benzyl pca',1
'helianthus annuus seed oil'],4
'perilla frutescens leaf extract',3
'populus tremuloides bark extract',1
'isobutane',5
'propane',2
'propellant: hydrocarbon'],1
'sambucus nigra',15
'wheat amino acids',2
'pantheno,1
l citric acid',1
'hydroxyproline',6
'gum-4 sr-spider',1
'polypeptide-1',1
'rosa hybrid flower extract',3
'suaeda maritima flower/leaf/stem extract',1
'pavlova lutheri extract',1
'rosa damascena'],2
['rosa centifolia flower water',3
'methyl paraben'],1
'abies alba leaf oil',1
'cinnamomum zeylanicum bark extract',1
'boswellia sacra resin oil',1
'berberis aquifolium extract',1
'centella asiatica extract',32
'cinnamal'],1
'methoxy peg-18',1
'cucumis satis (cucumber) fruit extract',1
'polyglucuronic acid',1
'cital',1
['hordeum vulgare extract',1
'centaurea cyanus extract',16
'aminoethanesulfinic acid',1
'potassium chloride',7
'sodium bicarbonate',4
'magnesium sulfate',7
'calcium chloride'],2
['hexylene glycol',4
'cetrimonium bromide',4
['sd alcohol 40-a (alcohol denat)',1
'quercus alba',1
'sodium coco pg-dimonium chloride phosphate',3
'lysine',7
'glutamylamidoethyl imidazole',1
'phenoxyethyl caprylate',1
'va/butyl maleate/isobornyl acrylate copolymer',1
'2,1
6-dimethyl-7-octen-2-ol',1
'ubiquinone'],2
'glyceryl cocoate',2
'hydrogenated cocos nucifera fruit extract',2
'sodium cetearyl sulfate',1
'polyglyceryl-3 caprylate',2
'polyglyceryl-4 coco-caprylate',10
'sweet orange (citrus aurantium dulcis)',1
'ceteareth-25',2
'diethylhexyl 2,1
6-naphthalate',1
'acrylates/octylacrylamide copolymer',2
'maris sal'],2
'rhodiola rosea root extract',1
'leucine',4
'tyrosine',4
'cysteine',2
'poly (1,1
2-butanediol)-4 peg/ppg-29/9 methylglucose',1
'dihydroxypropyl arganine hcl',1
'bis-ethoxydiglycol cyclohexane 1,1
4-dicarboxylate',1
'dipeptide-8',1
'ci 60725',7
'ci 60725'],7
'caesalpinia spinosa extract',5
'kappaphycus alvarezii extract',2
'acrylates/polytrimethylsiloxymethacrylate copolymer',1
'laureth-1 phosphate',1
'equisetum arvense extract',7
'polysorbate',1
'polyglyceryl-3 pca',1
'methyl cyclodextrin',1
'7-dehydrocholesterol',1
'lysine hci',1
'potassium lactate',1
'glucose'],1
'ribose',4
'mentha aquatica extract',3
['methylpropanediol',2
'diphenyl dimethicon',1
'ficus carica fruit extract',3
'bacillus ferment',3
'glycerylamidoethyl methacrylate/stearyl methacrylate copolymer',3
'ectoin',4
'tephrosia purpurea seed extract',4
'magnesium aspartate',7
'copper gluconate',13
'hydrolyzed rhodophyceae extract',2
['pentylene glycol',2
'decylene glycol',1
'phytol',1
'methyl eugenol',2
'alpha-cedrene',1
'geranyl acetate',1
'indole',1
'longifolene',1
'tetramethyl-1-hexadecan-3-ol',1
'hexacarboxymethyl dipeptide-12',1
'acetyl tetrapeptide-40',1
'acetyl hexapeptide-49',1
'palmitoyl tetrapeptide-50',1
'heptapeptide-15 palmitate',1
'nerol',1
'anisyl alcohol',2
'cinnamal',3
'benzyl acetate',1
'prunella vulgaris leaf extract',1
'hydrolyzed linseed extract',3
['zinc oxide',2
'ethyl oleate',1
'echium plantagineum seed oil',3
'cardiospermum halicacabum flower/leaf/vine extract',1
'fragaria ananassa (strawberry) seed oil',1
'vaccinium corymbosum (blueberry) seed oil',1
'aluminium stearate',1
'gluconolactone',13
'dioscorea japonica root extract',2
'laminaria japonica extract',3
'phenylalanine'],1
'pvp',5
'calcium gluconate'],1
'peg-6 capric triglyceride',19
'amyl cinnamal',11
['maris aqua',3
'pyrus cydonia seed extract',1
'sodium carboxymethyl dextran',1
'octyldodecyl neopentanoate',1
'ethylhexyl methoxycrylene',1
'ethylcellulose'],1
'loniera caprifolium flower extract (japanese melsuckle)',1
'lonicera japonica flower extract (japanese melsuckle)'],1
['citric acid',2
'laurtrimonium chloride',1
'methyl 2-octynoate',1
'vp/va copolymer'],1
['polyglyceryl-10 laurate',2
'sweet citrus aurantium dulcis oil (citrus aurantium dulcis)',1
'fusel wheat bran/straw glycosides',4
'polyglyceryl-5 oleate',4
'polyglyceryl-4 coco-caprylate'],1
'pyridoxine hcl',4
'polygonum fagopyrum extract',3
'aroma',14
['superoxide dismutase',1
'mirabilis jalapa extract',1
'peg-5 glyceryl triisostearate',2
['cera alba',5
'behenoxy dimethicon',1
'manganese gluconate',4
'capryloyl glycine',8
'acetylated glycol stearate',2
'polyglyceryl-4 isostearate',3
'rosa multiflora (rose) flower cera (wax)',2
'canola oil',7
'sodium acrylates crosspolymer-2',1
'ci 75470',2
['petrolatum',5
'carica papaya fruit extract',23
'ci 15850',11
['lanolin',5
['corylus avellana flower extract ',1
'ammonium glycyrrhizate',6
'benzyl cinnamate'],2
'peg‐100 stearate',1
'c10‐30 cholesterol/lanosterol esters',1
'calcium pca',2
'saccharin',2
'sucrose stearate',8
'p‐anisic acid'],1
"""cire d'abeille)""",2
'soybean glycerides',2
'garcinia indica seed butter',1
'myroxylon pereirae (balsam peru) oil',4
['polybutene',1
'ozokerite',1
'diisostearyl malate',3
'vp/hexadecene copolymer',1
'tocopheryl',2
'calcium aluminum borosilicate',4
'hexyl cinnamal eugenol',1
'calcium sodium borosilicate',2
'ci 45410',2
'ci 45380/red 22 lake',1
'diisostearyl polyglyceryl-3 dimer dilinoleate',1
'menthyl pca',2
'camellia kissi seed oil',1
['olus oil',1
'glyceryl rosinate',1
'polyglyceryl-3 palmitate',2
'polyglyceryl-2 coco-caprylate',2
'lanolin cera',2
'stevioside',1
'ethyl macadamiate'],1
'magnesium carboxymethyl beta-glucan',2
'prunus avium (sweet cherry fruit) extract',1
['lanolin'],1
'euphorbia cerifera wax',1
'aminomethyl propanol',6
'polyglyceryl-3 dicitrate/stearate',1
'hydroxystearic/linolenic/oleic polyglycerides',5
'miel)',2
'aloe barbadenis extract'],2
'arachis hypogaea (peanut) oil',1
'anthyllis vulneraria extract',1
'hypericum perforatum flower extract',3
'silk (serica) powder',1
'synthetic wax',5
'methyl hydrogenated rosinate',2
'c20-40',3
'trihydroxypalmitamidohydroxypropyl myristyl ether',2
'hexylene glycol'],1
'viola odorata extract',2
'hydroxystearic acid',2
['maris sal',6
'cinnamomum cassia oil',8
'opuntia streptacantha (cactus) stem extract ',2
['c13-15 alkane',1
'beheneth-25',2
'shorea stenoptera butter',2
'aminopropanediol esters',1
['corn starch modified',1
'diethylene glycol diethylhexanoate',1
'neopentyl glycol dicaprylate',2
'diethylene glycol diisononanoate',1
'bellis perennis (daisy) flower extract',2
'totarol',1
'sucrose laurate',10
'magnesium',1
'aspartate',1
'copper',1
'gluconate',1
'peg-8 capric triglyceride',1
'bee venom',3
['isopropyl myristate',1
'candelilla cera',1
'panthenyl ethyl ether',1
'polyglycerin-3',3
'melaleuca viridiflora leaf oil',1
'methyl sulphonyl methane',2
'coco glucoside',6
'zinc glycine',1
'rhus verniciflua peel wax',1
'methylpropanediol',11
'butylene glycol dicaprylate',3
'dexpanthenolum',1
'alcohol stearylicus',1
'alcohol cetylicus',1
'natrii edetas',1
'cynanchum atratum extract',1
'zinc oxide'],1
['cetearyl alcohol',4
'coconut alcohol',2
'acetyl tetrapeptide-15',1
['octyldodecyl stearate',1
'cucumis melo (melon) fruit extract',2
'potassium sulfate',4
'dimethiconol phytosphingosine',1
'sodium stearate',2
['hydrogenated polydecene',2
'peg-10 laurate',1
'polyglyceryl-10 behenate/eicosadioate',1
'polyglyceryl-10 hydroxystearate/stearate/eicosadioate',1
'glyceryl citrate/lactate/linoleate/oleate',2
'hydroxypropyl bispalmitamide mea',2
'ceramide eop',4
'hydrolyzed casein',1
'ceratonia siliqua gum',9
'bha',3
'c10-18 triglycerides',3
'sodium cocoyl alaninate',1
'cistus incanus flower/leaf/stem extract',1
'glutamine',2
'chromium hydroxide green',1
'polydecene',1
'polyglyceryl-2 triisostearate',1
'nasturtium officinale (watercress) flower/leaf extract',1
'spinacia oleracea (spinach) leaf extract',1
'laureth-9',2
'sideritis perfoliata extract',7
'sideritis raeseri extract',9
'sideritis scardica extract',8
'polyglyceryl-10 stearate',13
'copper tripeptide-1',2
'red ginseng extract',1
'aloe arborescens leaf extract',1
'coix lacryma-jobi ma-yuen seed extract',1
'paeonia lactiflora root extract',2
'polygonum multiflorum root extract',1
'phellinus linteus extract',1
'sophora flavescens root extract',2
'cimicifuga racemosa root extract',4
'angelica gigas root extract',1
'cellulose gum'],1
'ocimum basilicum (basil) oil',5
['leptospermum scoparium leaf extract',1
'metrosideros excels (pohutukawa) flower extract',1
'parfum of vanilla ',1
'acrylates/c10-30 alkyl ',2
'pearl extract',2
'pinus palustris leaf extract',4
['polysorbate 60',1
'hydrolyzed chondrus crispus extract',1
'sophora japonica root extract',1
'barium sulfate',1
'thymus serpyllum extract',2
'fagus sylvatica bud extract',2
'fragaria chiloensis (strawberry) fruit extract',2
'citrus junos fruit extract',4
'citrus tangerina extract ',1
['kaolin',19
['dodecane',3
'isosorbide dicaprylate',1
'ci 61570',5
'limonium gerberi extract',1
'punica granatum seed oil ',1
'polyglyceryl-3 methylglucose distearate',2
'citrus aurantium (lime) fruit extract',1
'citrus medical limnonym (lemon) fruit extract',1
'citrus aurantium',1
'prunus yedoensis leaf extract',1
'glyceryl ',1
'acrylate/acrylic acid copolymer',1
'fucus vesiculosus extract',5
['marine collagen',1
'vitamin-c',1
'extracts of bearberry',1
'licorice root',1
'portulaca flower',1
'sophora angustifolia natural plant extract',1
'chamomile',2
'pomegranate',2
'isostearyl isostearate',3
'ethyl lauroyl arginate hcl',1
'silt',9
'ci 77480',1
'kaolin',13
'sideritis perfoliata extract ',2
'sideritis scardica extract ',1
['glyceryl stearate citrate',1
'hydroxyphenyl propamidobenzoic acid',1
['bentonite',1
'coffea robusta seed extract',4
'commiphora myrrha oil',2
'arctium majus root extract',2
'and annatto (ci 75120)'],1
'sodium acetate',5
['montmorillonite',2
'talc',4
'hydrolyzed wheat protein',8
'cintrellol',2
['charcoal powder',1
'extracts of lime',1
'lemon',1
'apple',1
'ginseng root',1
'melaleuca alternifolia leaf extract'],1
'carbon',4
'hedera helix (ivy) extract',2
'centella asiatica extract'],1
'isodecyl isononanoate',2
'calotropis procera (apple of sodom) callus extract',1
'tripeptide-3',1
['myristic acid',2
'behenic acid',3
'sodium methyl cocoyl taurate',21
'lauric acid',11
'montmorillonite',16
'peg-3 distearate',4
'methylchloroisothiazolinone',12
'methylisothiazolinone'],3
'epilobium angustifolium extract',4
'propylene glycol laurate',2
'propylene glycol stearate',3
'peg-150 distearate',9
'ci 61570'],2
'chromium oxide greens',1
'ci 77510',1
'tetrahydropiperine',2
'glyoxal',2
'chrysanthemum zawadskii extract',1
'azadirachta indica leaf extract',1
'lepidium sativum sprout extract',1
'petasites japonicus (butterbur) root extract',1
'diatomaceous earth',2
'arctium lappa root extract',3
'methyl perfluoroisobutyl ether',4
'disiloxane',1
'thiamine hcl',1
'riboflavin',2
'niacin',2
'pantothenic acid',1
'ormenis multicaulis oil',5
'leptospermum petersonii oil',1
'moroccan lava clay',3
'polyglycerin-10',6
['myrtus communis leaf extract',1
['heilmoor clay',1
'helichrysum italicum extract',1
'caprylyl caprylate/coco-caprylate',1
'albatrellus ovinus extract',1
'hydrogenated palm/palm kernel oil peg-6 esters',1
'sodium magnesium silicate',2
'ppg-1-peg-9 lauryl glycol ether',1
'coceth-7',1
['metlclylpropanediol',1
'crataegus oxyacantha fruit extract',1
'gelidium cartilagineum extract',2
'panax ginseng root extract'],1
'diazolidinyl urea',5
'calcium lactate',1
'hydrolyzed wheat starch',2
'rubus fruticosus leaf extract',1
'pentylene glycol'],1
['cannabis sativa extract',1
'hibiscus esculentus fruit extract',1
'dioscorea opposita root extract',1
'rosa canina flower oil'],1
['cetyl esters',1
'camphor',2
'colloidal sulfur',1
'methyl lactate',2
'madecassoside'],1
'peg-20',1
'ppg-3 myristyl ether',1
'scabiosa arvensis extract',2
'honokiol',1
'ci 77007',1
'ci 77510'],2
'vanillyl butyl ether'],1
'illite',1
'propolis cera (propolis wax)',1
'dmdm hydantoin',5
'sodium lauroamphoacetate',9
'sodium trideceth sulfate',5
'ceteareth-30',2
'peg-5 cocoate',2
'peg-8 dicocoate',2
'peg-9',2
'iodopropynyl butylcarbamate',5
'triclosan',3
'origanum vulgare',3
'chamaecyparis obtusa extract',3
['sodium polyacrylate',2
'aroma'],2
['lactococcus ferment lysate',1
'plantago lanceolata leaf extract',1
'melanin',1
'polycaprolactone',1
'phaseolus radiatus seed extract',1
'gaultheria procumbens extract',2
'ethyl phenylacetate',1
'inositol'],1
'avena strigosa seed extract',2
'sodium acetylated hyaluronate',2
'artemisia princeps leaf',1
'houttuynia cordata leaf',1
'padina pavonica extract'],2
['citrus aurantium amara flower water',1
'aluminum chlorohydrate',1
'jania rubens extract',3
'sodium nitrate',1
'rubus idaeus extract ketone',1
'vp/va copolymer',1
'ci 77489',3
'lilium candidum flower extract',1
'cydonia oblonga leaf extract (quince)',2
'backhousia citriodora leaf oil',2
'nylon 12'],1
['cucurbita pepo seed oil',1
'aluminum oxide',1
'dihydrate',1
'usp',1
'ceteareth 20 ',1
'alanine ',1
'creatine ',1
'glycine ',1
'magnesium aspartate ',1
'saccharide hydrolysate ',1
'chlorphenesin ',2
2-hexanediol ',1
'aloe barbadenis extract ',3
['zeolite',1
'commiphora myrrha oil'],1
'diphenylsiloxy phenyl trimethicone',2
'sapindus mukurossi fruit extract',4
'uncaria gambir extract (uncaria gambir)',1
['sodium c14-16 olefin sulfonate',5
'polylactic acid',4
'sodium palmamphoacetate',1
'lithium magnesium sodium silicate',1
'schinus molle extract',1
'acacia concinna fruit extract',2
'balanites aegyptiaca fruit extract',2
'gypsophila paniculata root extract',2
'disodium carboxyethyl siliconate',1
'ci 16035'],2
'glutathione',3
['galactoarabinan',1
'pichia/resveratrol ferment extract',1
'volcanic new zealand mud',1
'acetyl tyrosine',3
'pongamia glabra seed oil',2
'asteriscus graveolens (oxeye) flower extract',1
'pure plant parfum of vanilla',1
'moroccan',1
'lava clay',1
['lactic acid',5
'potassium citrate',2
'acetum',2
'citronellyl methylcrotonate',1
'agastache mexicana flower/leaf/stem extract'],1
'capsicum annuum fruit extract',2
'cuminum cyminum (cumin) seed oil'],1
'acer saccharum extract ',1
'citrus aurantium dulcis ',1
'citrus limon juice extract ',1
'vaccinium myrtillus extract ',1
'aminomethyl propanediol',1
'calendula officinalis extract ',1
'disodium lauriminodipropionate tocopheryl phospates',1
'dunaliella salina extract ',2
'melissa officinalis leaf oil ',1
'polyglyceryl-3 polyricinoleate'],1
'beraclay light red',1
'extract',2
'polyglceryl-3,1
cocoate',1
'maltooligosyl glucoside',1
'dipentaerythrityl tri-polyhydroxystearate',1
'polyglceryl-4',1
'polyglceryl-6 caprylate',1
'polyglceryl-6 ricinoleate',1
'hydroxyphenyl',1
'propamidobenzoic acid',1
'ascorbyl',2
'palmitate',1
'tridecyl salicylate',1
'ppg-5-ceteth-20',16
'ci 77947'],2
'c13-16 isoparaffin',1
'amino esters-1',2
'amber powder',2
'coccinia indica fruit extract',2
'solanum melongena (eggplant) fruit extract',2
2-hexanediol'],1
['peg-32',1
'r-bacillus licheniformis keratinase',1
['cyclomethicone',1
'lysine lauroyl methionate',2
'rice amino acids',3
'zinc aspartate',2
'chitosan ascorbate',2
'cyanocobalamin',3
'ranunculus ficaria extract',1
'ferula galbaniflua resin oil'],1
'aminobutyric acid',2
'sodium propoxyhydroxypropyl thiosulfate silica'],1
'galactoarabinan',3
'neopentyl glycol diethylhexanoate',1
'sodium ascorbate',1
'microcitrus australasica fruit extract',4
'bromelain',3
'vanillyl butyl ether',2
'euglena gracilis extract',1
'hydrolyzed wheat flour',1
'magnesium lactate',1
'calcium gluconate',8
'matthiola longipetala (night scented stock) seed oil',2
'magnesium hydroxide',1
'soy acid',2
['cellulose',1
'cocos',1
'avena',3
'strigosa seed extract',1
'leaf extract',1
'butylene glycol'],1
'aluminium starch',1
'octenyl succinate',1
'polysorbate-60',1
'sodium',3
'hyaluronate',1
'acetate',1
'hydrophilic polyether polyurethane',1
'lactobionic acid',2
'spondias mombin pulp extract',1
'musa sapientum (banana) pulp extract',1
'protease',4
'subtilisin',2
'acetyl pentapeptide',1
'lilial',1
['punica granatum seed oil',1
'formic acid',3
'hydroxypropyl starch phosphate',2
'octyldodeceth-25',1
'methyl gluceth-10',4
'methylcellulose',3
'polysorbate 65',3
'citrus limon juice extract'],1
['titanium dioxide',2
'calcium sulfate',1
'hydrolyzed silk',2
'hordeum distichon (barley) extract',1
'soy isoflavones',1
'salix nigra bark extract',3
'hydrated silica',1
'ci 74160',1
'sanguisorba officinalis root extract',2
'ci 42051'],1
'sodium acrylates/beheneth-25 methacrylate crosspolymer',1
'lauryl glucoside',27
'bromelain'],1
'zinc citrate',1
'chrysanthellum indicum extract',1
'darutoside',4
'peg-12',2
'ceresin',1
'peg-8 distearate',1
'potassium stearate',3
'potassium palmitate',3
['persea gratissima oil',2
'cetearyl wheat straw glycosides',1
'kiwifruit seed oil (actinidia chinensis)',1
'vitis vinifera extract'],1
'pothmethylsilsequioxane',1
'aluminium starch octenylsuccinate',1
'phytantriol',1
'vinyl dimethicon/methicone silsesquioxane crosspolymer',1
'atelocollagen',1
'hydrogenated poly(c6-12 olefin)',1
'steareth-30',1
'ethylene/acrylic acid copolymer',1
'quaternium-90 bentonite',1
'phenyl trimethicone ',1
'sucrose ',2
'hydroxyethyl urea ',2
'camellia sinensis extract ',1
'hypnea musciformis (algae) extract ',1
'trehalose ',2
'algae extract ',2
'alteromonas extract ',1
'gelidiella acerosa extract ',1
'cholesterol ',1
'niacinamide ',1
'pentaerythrityl tetra-di-t-butyl hydroxyhydrocinnamate ',2
'sodium polyaspartate ',2
'cocos nucifera fruit extract ',1
'hydrolyzed opuntia ficus indica flower extract ',1
'cucumis sativus extract ',2
'palmitoyl hexapeptide-12 ',1
'glyceryl acrylate/acrylic acid copolymer ',1
'glyceryl polymethacrylate ',1
'peg-7m ',1
'dextrin palmitate ',1
'dehydroxanthan gum ',1
'pentaerythrityl adipate/coco-caprylate/caprylate/heptanoate ',1
'tetrahexyldecyl ascorbate ',1
'sodium hydroxide ',2
'triethoxycaprylylsilane ',1
'bht ',2
'ci 42090 ',1
'ci 19140 ',1
'caffeine',1
'polysilicone-8',1
'euphrasia officinalis extract',2
'bha'],1
'aesculus hippocastanum extract',4
'plantago ovata seed extract',1
'osmanthus fragrans flower extract',1
'dimethicon/peg-10/15 crosspolymer',3
'dimethicon/polyglycerin-3 crosspolymer',2
'n-hydroxysuccinimide',10
'chrysin',8
'isohexadecane ',1
'disteardimonium hectorite ',1
'isopropyl isostearate ',1
'ppg-15 stearyl ether ',1
'pentylene glycol ',1
'garcinia mangostana fruit extract ',1
'anthemis nobilis flower water ',1
'hordeum vulgare extract ',1
'silybum marianum extract ',1
'glycine soja extract ',1
'lactobacillus ',2
'betula alba bark extract ',1
'scutellaria baicalensis extract ',1
'morus nigra extract ',1
'poria cocos extract ',1
'camelina sativa seed oil ',1
'bifida ferment lysate ',1
'propylene glycol dicoco-caprylate ',1
'phytosphingosine ',1
'faex extract ',1
'sodium rna ',1
'hydrolyzed algin ',1
'tripeptide-32 ',1
'isododecane ',1
'polyethylene ',1
'propylene carbonate ',1
'polyacrylate crosspolymer-6 ',1
'sodium dehydroacetate ',1
'potassium sorbate ',1
'lecithin ',1
'ci12-15 alkyl benzoate',1
'shorea robusta butter / shorea robusta seed butter',1
'acetyl trifluoromethylphenyl valylglycine',1
'alcloxa',1
'pca ethyl cocoyl arginate',1
'alpha-arbutin',2
'glucoside',1
'chlorella',1
'vulgaris extract',1
'acrylate crosspolymer',1
'potassium cetyl',1
'phosphate',1
'isopropyl titanium triisostearate',2
'lauryl pca',2
['dicaprylyl carbonate',2
'amelanchier alnifolia (saskatoon) fruit extract',1
'ferric hexapeptide-35',1
'cera microcristallina',2
'glucosyl hesperidin',3
'polysorbate-20'],1
'trifluoroacetyl tripeptide-2',2
'gold',3
'tricaprylyl citrate',1
'iris florentina root extract',2
'dioscorea villosa (wild yam) root extract',1
'trifolium pratense (clover) flower extract',2
'dipeptide-2',7
'cetyl phosphate',4
'oleyl alcohol',1
'peg - 100 stearate',1
'dimethicon / vinyl dimethicon crosspolymer',1
['triethanolamine',1
'poloxamer 188',3
'sorbitol'],1
'palmitoyl hydrolyzed wheat protein',1
'hexapeptide-11',1
'faex extract'],1
['hexylane',1
'sodium laureth sulfate',18
'laureth sulfate',1
'magnesium laureth sulfate',3
'magnesium oleth sulfate',1
'sodium oleth sulfate',1
'chlorhexidine dihydrochloride',1
'quaternium-15',1
'citronellol '],1
'ethylhexyl hydroxystearate',2
'oxothiazolidinecarboxylic acid',1
'eperua falcata bark extract',1
'retinyl palmitate'],1
'chondrus crispus extract'],1
'poloxamer 184',7
'ci 61565 / green 6'],1
'hieracium pilosella (hawkweed) extract',1
'hydrolyzed yeast protein'],1
'aspalathus linearis leaf extract'],2
'guanosine',1
'chlorhexidine digluconate'],2
'saccharomyces',1
'acetyl tetrapeptide-9',1
'polyglyceryl-3 cocoate',1
'polyglyceryl-6 ricinoleate',1
'vaccinium myrtillus extract'],1
['mel',2
'shea butter oleyl esters',1
'stearoxy dimethicon',1
'panicum miliaceum (millet) seed extract',1
'tannic acid',1
'acetyl octapeptide-3'],1
['centaurea cyanus extract',1
'ammonium',1
'olyacryloyldimethyl taurate',1
'palmitoyl tetrapeptide-3',1
'ppg-3 dipivalate',1
'phytosteryl macadamiate',1
'origanum majorana extract',2
'ganoderma lucidum (mushroom) stem extract'],1
'alkyl octanoate',1
'dea-cetyl phosphate',2
'extracts of: meadowsweet (spirea ulmaria)',1
'hydrocotyl(cantella asiatica)',1
'argnine',1
'diazolidinyl',1
'isopropylparaben',1
['water ',1
'persea gratissima oil unsaponifiables',1
'butyrospermum parkii ',1
'extracts of: rosa centifolia flower',1
'centella asiatica',1
'echinacea purpurea',1
'vitis vinifera seed',1
'camellia oleifera leaf',1
'ginkgo biloba leaf',1
'dioscorea villosa root',1
'cucumis sativus fruit',1
'ruscus aculeatus root',1
'arnica montana flower',1
'propylparaben'],5
['ethylene/acrylic acid copolymer',1
'glyceryl hydroxystearate',1
'eriobotrya japonica leaf extract',1
'plankton extract'],1
'macadamia',1
'integrifolia seed oil',1
'fluorescent brightener 230 salt',1
'protein / soybean protein',1
'hydrolyzed soy flour',1
'extract / willow leaf extract',1
'helianthus',1
['sodium silicate',1
'serum albumin',1
'dehydroacetic acid'],2
'soluble collagen',3
'peg 60 almond glycerides',1
'siloxanetriol alginate',1
'phytonadione',1
'retinyl retinoate',1
'cholesteryl nonanoate',1
'theophylline',1
'theobromine',1
['methyl trimethicone',1
'coleus barbatus extract',1
'amyl cinnamal'],1
'sodium polyacrylate'],1
'hydrolyzed lupine protein',1
'methyl methacrylate/peg/ppg-4/3 methacrylate crosspolymer',1
'triisostearin',2
'saccharide hydrolysate',5
'acetyl hydroxyproline',1
'sinorhizobium meliloti ferment filtrate',1
'pvp/polycarbamyl polyglycol ester',1
'hydrolysed sesam protein pg-propyl methylsilanediol',1
'acetyl tetrapeptide-5',4
'acetyl octapeptide-3',1
['isocetyl stearoyl stearate',1
'sea whip extract',3
'hydrolyzed elastin',1
'foeniculum vulgare seed extract',3
'steapyrium chloride',1
'ascorbyl methylsilanol pectinate',1
'peg-32 ',1
'disodium cocoamphodiacetate ',1
'peg-6 ',1
'trisodium edta ',1
'hydrolyzed rhizobian gum',1
'hexyl laurate',1
'peg-6 isostearate',2
'pentasodium pentetate',1
'hesperetin laurate',1
'chrysin'],2
['galactomyces ferment filtrate',1
'cetostearyl alcohol',1
'rh-oligopeptide-1',1
'althaea rosea root extract',1
'zanthoxylum piperitum fruit extract',1
'pulsatilla koreana extract',1
'usnea barbata (lichen) extract',1
'sorbitan stearate'],1
'peg-4 dilaurate',2
'lauryl methyl gluceth-10 hydroxypropyldimonium chloride',1
'dipotas'],1
'sodium lauryl glucose carboxylate',4
'acetyl tetrapeptide-3',1
'trifolium pratense (clover) flower extract'],1
'synthetic cera alba',1
'hydrogenated coco-glycerides',2
'caprylyl',1
'methicone',1
'menthyl lactate'],1
'clycine soja sorbitol',1
'camellia',1
'sinensis leaf extracts',1
'omenis multicaulis oil',1
'decyl cocoate',1
['pantethine',1
's-palmitoylglutathione',1
'dimethyl mea',1
'palmitoyl tripeptide-38'],1
'palmitoyl pentapeptide-3',1
'rose oil anatolia',1
'phenyl methicone',1
'enteromorpha compressa extract',1
'bis-hydroxyethooxypropyl dimethicon',1
'phloretin',1
'hexyldecyl stearate',2
'quaternium-18 bentonite',1
['sodium magnesium silicate',1
'synthetic',1
'fluorphlogopite',1
'acetyl glutamine',1
'sh-oligopeptide-1',1
'sh- oligopeptide-2',1
'sh-polypeptide-1',1
'sh- polypeptide-9',1
'sh-polypeptide-11',1
'bacillus/soybean/folic acid ferment',1
'urtica dioica extract',3
['rhamnose',1
['isopropyl palmitate',3
'phosphatidylcholine',1
['silica',1
'sucrose trilaurate',2
'sodium cocoyl glycinate',6
'peg-120 methyl glucose dioleate',23
['sodium lauroyl',8
'cocamidopropyl',2
'hydroxysultaine',1
'peg-150 pentaerythrityl tetrastearate',21
'lactylate',1
'cryptomeria japonica leaf extract',2
'peg-10 isostearate',1
'sorbitan sesquioleate',2
'moringa pterygosperma seed extract',6
['decyl glucoside',11
'polyglyceryl 3-hydroxylauryl ether',1
'peg-4 laurate',2
'polyquaternium-7',30
'palmitic/stearic triglycerides',1
'octyldodecyl pca',1
'cocamidopropyl hydroxysultaine',8
'lauramidopropyl betaine',9
'sodium cocoyl sarcosinate',4
'tea-cocoyl glutamate',3
'laureth-2',9
'sodium sulfate',14
'hydrogenated palm glycerides citrate',27
'poria cocos extract'],1
['sodium cocoyl isethionate',3
'myrtrimonium bromide'],1
'cocamidopropyl betainamide mea chloride',2
'sodium cocoyl isethionate',14
'polyaminopropyl biguanide'],2
'sodium glutamate',4
'coconut acid',15
['cocamidopropyl betaine',28
'sodium laurate',2
'sodium sarcosinate',1
'sodium hydrolyzed potato starch dodecenylsuccinate',4
'linoleamidopropyl pg-dimonium chloride phosphate',1
'polyquaternium-10',9
'sodium isethionate',6
'sodium lauryl sulfate',1
'sodium c14-16 olefin sulfonate ',1
'potassium acrylates copolymer',1
'triticum aestivum (wheatgrass) leaf extract',1
'capryl glycol'],1
['lavandula angustifolia',3
'zinc coceth sulfate',1
'sodium cocoamphoacetate',13
'ceteareth-60 myristyl glycol',1
'zinc gluconate'],3
['sodium cocoamphoacetate',2
'ppg-6-decyltetradeceth-30',1
'chloroxylenol'],1
'peg-30 lanolin',2
'peg-75 lanolin',2
'disteareth-75 ipdi',1
'potassium azeloyl diglycinate',1
'barosma betulina leaf extract',1
'polyglyceryl-3 laurate',1
'peg-200 hydrogenated glyceryl palmate',6
'peg-55 propylene glycol oleate',3
'styrax japonicus branch/fruit/leaf extract',1
'betaine salicylate',1
'magnesium nitrate',4
['sodium lauroamphoacetate',2
'isopropyl alcohol',5
'sodium sulfonate',1
['potassium myristate',1
'potassium behenate',1
'potassium laurate',3
'cholesteryl hydroxystearate',1
'peg-6 stearate',1
'peg-32 stearate',1
'propylene glycol stearate se',1
'trisodium edta'],3
'sodium c14-16 olefin sulfonate',1
'butyleneglycol',1
'silver citrate',2
'cocamidopropyl dimethylamine',3
'peg-75 shea butter glycerides',2
'ppg-20 methyl glucose ether',1
['cetearyl ethylhexanoate',1
'cinnamomum camphora bark oil'],1
['peg-7 capric triglyceride',1
'poloxamer 124',1
'myrtrimonium bromide',3
'glycol stearate',4
'polyquaternium-4',1
['zea mays oil',1
'egg yolk (ovum) extract',1
'tilia cordata flower extract',2
'dichlorobenzyl alcohol',1
'2-bromo-2-nitropropane-1,1
3-diol',1
['methyl gluceth-10',1
'butoxydiglycol',1
'actinidia chinensis',2
'diethoxydiglycol',1
'betaine'],1
['zea mays starch',1
'maltitol',1
'potassium myristate',3
'glycyl glycine',1
'lavandula angustifolia'],1
'peg-60 glyceryl isostearate',2
'ppg-15-buteth-20',1
'succinoglycan',2
'capryl/capramidopropyl betaine',1
'cocoyl proline',1
'pumice',4
'nelumbium speciosum extract / nelumbium speciosum flower extract',1
'sodium glycolate',4
'lauroamphocarboxyglycinate and sodium trideceth sulfate',1
'saponaria officinalis extract',2
'hexyl nicotinate',2
'guar gum',1
['ethyl acetate',1
'butyl acetate',1
'nitrocellulose',1
'propyl acetate',1
'tosylamide/epoxy resin',1
'tributyl citrate',1
'adipic acid/neopentyl glycol/trimellitic anhydride copolymer',1
'benzophenone-1',1
'hydrogenated acetophenone/oxymethylene copolymer',1
'polyethylene terephthalate',1
'acetyl tributyl citrate',1
'phthalic anhydride/glycerin/glycidyl decanoate copolymer',1
'oxidized polyethylene',1
'colophonium / rosin',1
'polyurethane-11',1
'lauroyl lysine',1
'acetone'],1
['cocamidopropyl hydroxysultaine',2
'disodium cocoyl glutamate',8
'monosodium citrate',3
'4-t-butylcyclohexanol',1
['peg-12 methyl glucose dioleate',1
'polysorbate 2',1
'guaiac (guaiacum officinale) extract',1
'caulerpa lentillifera (green algae) extract',1
'bixa orellana seed extract',1
'macropiper excelsum (kawakawa) leaf extract',1
'parfum of lime ',1
'lilium candidum flower extract'],1
'disodium lauryl sulfosuccinate',11
'pectin'],1
'eucalyptus citriodora oil',1
'methyl-paraben',1
['sodium palmate',2
'sodium palm kernelate',3
'tetrasodium etidronate',3
'evernia prunastri (oakmoss) extract',3
['disodium cocoamphodiacetate',1
'chitosan',1
'steareth-4',1
'sorbitan sesquicaprylate',1
'calcium caseinate',1
'ci 15510',3
'citrus nobilis oil'],1
['isostearyl palmitate',1
'hamamelis',1
'peg-120',1
'methyl glucose dioleate',1
'cimum basilicum (basil) oil',1
'basil oil',1
'covo-caprylate/carpate',1
'ethycal macadamiate',1
'trocopherol',1
['sapindus mukurossi fruit extract',1
'glycol palmitate',1
'beheneth-10',2
'copper pca',1
'pentasodium ethylenediamine tetramethylene phosphonate',1
'polyquaternium-47',2
['lauryl glucoside',2
'ceteareth-6',1
'peg-45 palm kernel glycerides',1
'triethanolamine'],1
['sucrose',6
'sodium myristate',1
'sodium palmitate',1
'ppg-9 diglyceryl ether',1
'sodium isostearate',1
'sodium castorate',1
'sodium lauryl glycol carboxylate',1
'potassium isostearate',1
'polyquaternium-6',1
'hibiscus rosa-sinensis flower extract',3
'palmitoyl tripeptide-27',2
['sodium chloride',5
'zinc sulfate'],1
'nitrogen'],2
['parfum',2
'bisabolol'],1
'ext',2
['peg-8 ',1
'poloxamer 124 ',1
'chlorhexidine digluconate ',1
'nymphaea coerulea flower extract'],1
'polyglyceryl-10',2
'oleate',2
'cetearyl',2
'hydrolyzed',2
'strigosa seed extract'],2
'ci 15510'],2
'prunus lannesiana flower extract',1
'acrylates/c1-3 alkyl acrylate crosspolymer',2
'disodium succinate',2
'maltodextrin'],2
'saccharomyces/mel ferment filtrate',1
'benzoic acid'],1
['neroli',1
'lactic acid'],3
'glyceryl caprylate'],1
'oleth-20',1
'hesperetin laurate'],1
'sodium bisulfite'],1
'solum diatomeae (diatomaceous earth)',1
'quartz powder',1
['nelumbo nucifera flower extract',1
'caprylyl / capryl glucoside',2
'1-methylhydantoin-2-imide',2
'hydrolyzed lycium barbarum extract',1
'punica granatum seed oil'],1
['methyl gluceth-20',1
'plantago major (plantain) leaf extract',1
'glucuronic acid'],1
'heptyl glucoside',1
'blue chamomile (marticaria chamomilla)',1
'chickweed (stellaria media)',1
'symphytum',1
'coltsfoot',1
'nettles (urtica dioca)',1
'aleuritic acid',1
'glycoproteins',1
'phragmites kharka extract',1
'poria cocos extract',1
['1,1
'mel cocoates',1
'epilobium fleischeri extract',1
'acorus calamus (sweet flag) root extract',1
'betaine glycerin',1
'quercus robur (oak) bark extract',1
'salicylic acid'],1
['allantoin',2
'urea'],2
'myristyl nicotinate',1
'glycyrrhiza uralensis (licorice) root extract',1
'bacillus/maris sal ferment filtrate',1
'cetrimonium chloride',1
'camomilla recutita (chamomile) flower extract',1
'chrysanthemum morifolium flower extract',1
'laurus nobilis leaf extract',1
'eruca sativa leaf extract',1
'geranium maculatum oil'],1
'potassium benzoate'],1
'isotridecyl isononanoate',1
['pumice',1
'hydrogenated coconut acid',1
'edta'],1
['coffea robusta seed extract',4
['tridecyl stearate',1
'disodium cocoamphodipropionate',1
'oleth-10 phosphate',1
'cellulose acetate',5
'ci 73360',3
'disodium oleamido mipa-sulfosuccinate',1
'stearamidoethyl diethylamine',1
'oleamide mipa',1
'trisodium sulfosuccinate',1
'acrylates crosspolymer-4',1
'juglans regia (walnut) shell powder',6
'sodium methyl isethionate',1
'zinc laurate',1
'sodium laurate'],1
'sodium cocoate',2
'trisodium hedta',1
'prostanthera incisa (native mint) leaf extract',1
'sucrose polybehenate',1
'ethylhexyl olivate',1
'polyglyceryl-4 olivate',1
'candida bombicola/glucose/methyl rapeseedate ferment',1
'ribes nigrum bud oil'],1
['paraffin',2
'thymus mastichina flower oil',2
'capric triglyceride'],1
'sodium hyaluronate'],1
['erythritol',1
['citrus grandis',1
'grape',1
'passiflora edulis extract'],1
'ci 61565 / green 6',1
'ci 75130',1
'carica papaya fruit extract'],1
['hydrogenated jojoba oil',1
'polyurethane-35',1
['alumina',1
'peg-12 glyceryl distearate',1
'menthone glycerin acetal',1
'magnesium oxide',1
['perfluorohexane',1
'perfluorodecalin',1
'pentafluoropropane',1
'deoxyadenosine',1
'asparagine',1
'deoxycytidine',2
'deoxyguanosine',1
'deoxythymidine',1
'ornithine',1
'nicotinamide adenine dinucleotide',1
'methionine',1
'glucosamine',1
'coenzyme a',1
'glucuronolactone',1
'sodium glucuronate',1
'sodium uridine triphosphate',1
'thiamine diphosphate',1
'disodium flavine adenine dinucleotide',1
'pyridoxal 5-phosphate',1
'tocopheryl phosphate'],1
['sodium myristoryl glutamate',1
'sodium carbonate',1
'sorbitan trioleate',1
'apium graveolens (celery) seed extract',1
'linum usitatissimum flower extract'],1
'ammonium lauryl sulfate',2
'litchi chinensis seed powder',1
'hydrogenated palm glycerides citrate'],1
['stearic acid',2
'potassium cocoate',1
'crosspolymer',1
'triacetin',1
'polyurethane-33',1
'ruby extract',1
'citrine extract',1
'ci 77000 (aluminum powder)',1
'amethyst'],1
'peg-23 stearate',1
'dystearmonium hectorite',1
'butyl paraben',1
'isobutyl paraben',1
'disodium coco-glucoside sulfosuccinate',1
'volcanic ash',1
'theobroma grandiflorum seed powder',1
['ammonium lauryl sulfate',2
'cedrus atlantica bark oil'],2
'eriophorium spissum flower/stem extract',1
'acrylates/steareth-20 methacrylate crosspolymer',1
'sodium cocoyl hydrolyzed soy protein',3
'garnet exfoliator',1
'caprylyl capryl glucoside',1
'petitgrain bigarde oil'],1
'polyquaternium-37',1
'hydrogenated jojoba oil',1
['magnesium sulfate'],5
['maris sal'],4
['magnesium sulfate',4
['sodium chloride'],5
'himalayan salts',5
'pelargonium graveolens extract ',1
['sodium bicarbonate',5
'ci 75810',1
'ci 28440',1
'ci 42044',1
'arganine'],1
'rabdosia rubescens extract',1
'guaiazulene',1
'valeriana officinalis (valerian) root oil',1
['himalayan salts',2
'geranium',1
'lime',1
'frankincense',1
'himalayan cedarwood',1
'turkish rose',1
'jasmine sambac absolute',1
'rose otto',1
'vanilla absolute',1
'rose quartz crystals',1
'opuntia streptacantha (cactus) stem extract',1
'olea europaea fruit oil'],1
['geraniol',1
'calendula officinalis extract'],1
['peg-7 glyceryl cocoate',2
'allantoin'],2
'sodium methyl oleoyl taurate',5
'callitris columellaris leaf/wood extract',1
'ppg-2 hydroxyethyl cocamide',11
'rheum rhabarbarum stalk extract',1
'rosa multiflora fruit extract',1
'acrylates /c10-30 alkyl acrylate crosspolymer',3
'peg-90m',1
'peg-18 glyceryl oleate/cocoate',3
'paeonia albiflora (peony) root extract',1
'abies sibirica oil',2
'myrocarpus fastigiatus oil',1
'peg-150 pentaerythrityl tetrastearate'],1
'yucca schidigera extract',2
'potassium iodide',1
'potassium thiocyanate',1
'glucose oxidase',2
'lactoperoxidase',2
'isopentane',3
'guar hydroxypropultrimonium chloride',16
'prunus cerasus (bitter cherry) extract',1
'copper sulfate',2
'vitreoscilla ferment'],1
['sodium coco-sulfate',4
['cocomidopropyl betaine',1
'disodium edetate',1
'sodium methyl oleoyl taurate'],1
'ci 42053'],1
'terminalia arjuna extract',1
'copper powder',1
'silver'],1
'cetyl acetate',3
'potassium aspartate',1
'sodium cocoyl amino acids',1
['coco-glucoside',3
'acrylates/vinyl isodecanoate crosspolymer',1
'azelaic acid',1
'andrographis paniculata leaf extract',1
'peg-90 glyceryl isostearate',1
'mipa-laureth sulfate',4
'laureth-3',4
'cocamide mipa',3
'diphosphonic acid',1
'mentha',2
'hexyl cinnamal'],1
'shea butterate',1
'taurine'],1
'bulnesia sarmientoi wood oil',2
'artemisia herba-alba oil',2
'abies balsamea extract',1
'disodium tetrapropenyl succinate',1
'isostearamide mipa',1
'cyamopsis tetragonoloba (guar) gum',1
'polyglyceryl-4 oleyl ether olivate',1
'schizandra sphenanthera fruit extract',1
'magnesium pca',1
'citrus medica vulgaris fruit extract',1
'spirulina maxima extract',1
'stearyl citrate',4
'peg-80 sorbitan laurate',1
'taraxacum officinale (dandelion) rhizome/root extract',1
'tricholoma matsutake extract',1
['mipa-laureth sulfate',2
['canola oil',1
'disodium lauroyl (from veg)',3
'polyglyceryl- 5 oleate (from veg)',2
'peg-6 caprylic',1
'ci 42053',1
['sodium trideceth sulfate',1
'cocodimonium hydroxypropyl hydrolyzed lactis proteinum',1
'ximinia americana seed oil',1
'magnolia biondii flower extract',1
'borago officinalis extract',1
'plumeria alba (frangipani) flower extract',1
'plumeria rubra (frangipani) flower extract',1
['sodium lauryl sulfate',1
'tropolone'],1
['cetyl alcohol',1
'tea-lauryl sulfate',2
'isostearyl ethylimidazolinium ethosulfate',1
'hydrolyzed oat protein',2
'arachidyl propionate',1
['sodium coceth sulfate',1
'lauryl pyrrlidone',1
'tilia vulgaris (linden blossom) flower extract',1
'peg-4 rapeseedamide',1
'glycereth-2 cocoate',1
'peg-250 distearate',2
'potassium olivate',3
['sodium methyl cocoyl taurate',1
'pinus sylvestris (pine) leaf oil',4
'melaleuca leucadendron cajuputi (cajuput) oil',2
['rosmarinus officinalis extract',1
'coral',1
'leaf/twig oil',1
'hexyl cinnamal hydroycitronellal',1
'citrus sinensis fruit extract'],2
'laureth 3',1
'cocamide dea',1
['capric triglyceride ',1
'aqua ',1
'prunus aermeniaca (apricot)',1
'kernel oil',1
'petitgrain bigarde oil',1
'tuberose absolute oil'],1
'flower oil',1
['magnesium chloride',1
'amethyst',1
'andropogon zizanioides (vetiver) oil',1
'nardostachys jatamansi oil',1
'liquid amber orientalis balsam extract petitgrain bigarde oil',1
'butyris lac (buttermilk) powder',1
'tipa-laureth sulfate',2
'platonia insignis (bacuri) seed oil',2
'schinus terebinthifolius (rose pepper) fruit extract',1
'peg-40 sorbitan peroleate',1
'sodium cera alba',1
